run,seed,fulps_final_table_acc,base_final_table_acc,fulps_final_coverage,base_final_coverage,fulps_final_perstate,base_final_perstate,fulps_stable_tacc,base_stable_tacc,fulps_unstable_tacc,base_unstable_tacc,stable_fraction,mean_contra_rate
21,62,0.7281234264373779,0.7270452976226807,0.02685546875,0.02685546875,0.7787196636199951,0.7500168681144714,0.7267378568649292,0.7266574501991272,0.7287778854370117,0.7272285223007202,0.3208,0.076512
22,63,0.7285218834877014,0.727133572101593,0.02771562524139881,0.02771562524139881,0.7922728657722473,0.7560394406318665,0.7267706990242004,0.7266889214515686,0.729327917098999,0.7273382544517517,0.3152,0.093568
23,64,0.7285000085830688,0.7271171808242798,0.029396094381809235,0.029396094381809235,0.77642422914505,0.7411743402481079,0.7267419695854187,0.7266641855239868,0.7291215658187866,0.7272773385047913,0.2612,0.10004800000000001
24,65,0.7278257608413696,0.7269632816314697,0.02397499978542328,0.02397499978542328,0.7958781123161316,0.7718080878257751,0.7267283797264099,0.7266612648963928,0.7285440564155579,0.7271609902381897,0.3956,0.06216
25,66,0.7285031080245972,0.7270781397819519,0.030283594503998756,0.030283594503998756,0.7689294219017029,0.7322432398796082,0.7267810106277466,0.7266786098480225,0.7290140390396118,0.7271966338157654,0.2288,0.10329600000000001
