run,seed,fulps_final_table_acc,base_final_table_acc,fulps_final_coverage,base_final_coverage,fulps_final_perstate,base_final_perstate,fulps_stable_tacc,base_stable_tacc,fulps_unstable_tacc,base_unstable_tacc,stable_fraction,mean_contra_rate
1,42,0.7282445430755615,0.7270460724830627,0.026353124529123306,0.026353124529123306,0.792631983757019,0.7600542306900024,0.7267342209815979,0.7266411781311035,0.7289803624153137,0.7272433638572693,0.3276,0.080944
2,43,0.7284320592880249,0.7270718812942505,0.029282812029123306,0.029282812029123306,0.7678929567337036,0.7326344847679138,0.7267717719078064,0.7266777753829956,0.729008138179779,0.7272086143493652,0.2576,0.092608
3,44,0.72845858335495,0.7271281480789185,0.028721094131469727,0.028721094131469727,0.7813321352005005,0.7463499307632446,0.7267657518386841,0.726655900478363,0.7291313409805298,0.7273157835006714,0.2844,0.095856
4,45,0.7284695506095886,0.727092981338501,0.02921171858906746,0.02921171858906746,0.7753434777259827,0.7405461072921753,0.7267271280288696,0.7266504764556885,0.7291311025619507,0.727260947227478,0.2752,0.09408000000000001
5,46,0.7284179925918579,0.7270515561103821,0.02886328101158142,0.02886328101158142,0.7817442417144775,0.7461241483688354,0.7267716526985168,0.7266793251037598,0.7290825843811035,0.7272018194198608,0.2876,0.098688
