run,seed,fulps_final_table_acc,base_final_table_acc,fulps_final_coverage,base_final_coverage,fulps_final_perstate,base_final_perstate,fulps_stable_tacc,base_stable_tacc,fulps_unstable_tacc,base_unstable_tacc,stable_fraction,mean_contra_rate
16,57,0.7284679412841797,0.7271312475204468,0.027985937893390656,0.027985937893390656,0.7825233936309814,0.7466606497764587,0.7268241047859192,0.7267101407051086,0.7291778326034546,0.7273131012916565,0.3016,0.089968
17,58,0.7284976840019226,0.727104663848877,0.029267968609929085,0.029267968609929085,0.7751557230949402,0.7391474843025208,0.7268623113632202,0.7267166376113892,0.7291298508644104,0.7272546887397766,0.2788,0.09724800000000001
18,59,0.7284484505653381,0.7270890474319458,0.027955468744039536,0.027955468744039536,0.7871584892272949,0.75162672996521,0.7267780900001526,0.7266625761985779,0.7291793823242188,0.7272756695747375,0.3044,0.094576
19,60,0.7283648252487183,0.7270734310150146,0.02883046865463257,0.02883046865463257,0.7792380452156067,0.7465532422065735,0.726761519908905,0.7266677021980286,0.7289723753929138,0.7272272109985352,0.2748,0.089184
20,61,0.7283546924591064,0.7270874977111816,0.02697421796619892,0.02697421796619892,0.7878116965293884,0.7538775205612183,0.7267853021621704,0.726699948310852,0.7291262745857239,0.7272780537605286,0.3296,0.086384
