run,seed,fulps_final_table_acc,base_final_table_acc,fulps_final_coverage,base_final_coverage,fulps_final_perstate,base_final_perstate,fulps_stable_tacc,base_stable_tacc,fulps_unstable_tacc,base_unstable_tacc,stable_fraction,mean_contra_rate
11,52,0.7284039258956909,0.7271031141281128,0.028128907084465027,0.028128907084465027,0.7835673689842224,0.7487770318984985,0.7267482280731201,0.7266525626182556,0.7290401458740234,0.7272762656211853,0.2776,0.094192
12,53,0.7284406423568726,0.7271085977554321,0.028410155326128006,0.028410155326128006,0.7773005962371826,0.7427090406417847,0.7267832159996033,0.7266921401023865,0.729095458984375,0.7272731065750122,0.2832,0.09110399999999999
13,54,0.7278344035148621,0.7269929647445679,0.024516405537724495,0.024516405537724495,0.7884536385536194,0.765733540058136,0.7267346978187561,0.7266497015953064,0.7284486293792725,0.7271847128868103,0.3584,0.062592
14,55,0.7281851768493652,0.7270210981369019,0.02629062533378601,0.02629062533378601,0.7838444113731384,0.7527942657470703,0.7267571091651917,0.7266620993614197,0.7289379835128784,0.7272103428840637,0.3452,0.078416
15,56,0.728682816028595,0.7271124720573425,0.029082031920552254,0.029082031920552254,0.7867273688316345,0.7456839680671692,0.7267537713050842,0.726667582988739,0.7294707298278809,0.7272942066192627,0.29,0.10185599999999999
